{
    "Creation Date": "20220329 16:20:29",
    "Software": "Instant Clue",
    "Version": "v0.11.2-dev.snap17032022",
    "Computer": "TL-047",
    "Type" : "Whole proteome",
    "Organism" : "Homo sapiens (Human)",
    "Experimentator" : "Srikanth Chandragiri",
    "shortDescription" :  "Rag A/B HEK KO cells w/o Bafilomycin, Fe-Citrate and Torin treatment.",
    "Experimental Info" : [
        {
            "title" : "Aim(s)",
            "details" : "1) To check lysosomal proteome changes in RAG AB knockouts is due to lysosomal dysfunction. 2) Accumulation of iron sulfur cluster proteins in RAG AB kO cells is  due to lysosomal function and iron.  3) To find out mTORC1 (torin, S6 and 4E-BP) independent functions of RAG AB KO  "
        },
        {
            "title" : "Cell Culture",
            "details" : "HEK 293T RAG AB KO and WT cells were cultured in 10cm dishes and treated with bafilomycin (25nM), Torin ( 250nM) , Fe-CS (50µM) for 24 hours. Cells were 80% confluent when treated with compounds"
        },
        {
            "title" : "Protein Digestion",
            "details" : "For lysis of cell pellets 4% SDS in 100 mM HEPES ph = 8.5 was used and the protein concentration was determined. 20 µg of protein was subjected for tryptic digestion. Proteins were reduced (10 mM TCEP) and alkylated (20 mM CAA) in the dark for 45 min at 45 °C. Samples were subjected to SP3 based digestion [1]. Washed SP3 beads (SP3 beads (Sera-Mag(TM) Magnetic Carboxylate Modified Particles (Hydrophobic),  Sera-Mag(TM) Magnetic Carboxylate Modified Particles (Hydrophylic) from Thermo Fisher Scientific) were mixed equally, and 3 µL of bead slurry were added to each sample. Acetonitrile was added to a final concentration of 50% and washed twice using 70 % ethanol (V=200 µL) on an in-house made magnet. After an additional acetonitrile wash (V=200µL), 5 µL digestion solution (10 mM HEPES pH = 8.5 containing 0.5µg Trypsin (Sigma) and 0.5µg LysC (Wako)) was added to each sample and incubated overnight at 37°C. Peptides were desalted on a magnet using 2 x 200 µL acetonitrile. Peptides were eluted in 10 µL 5% DMSO in LC-MS water (Sigma Aldrich) in an ultrasonic bath for 10 min. Formic acid and acetonitrile were added to a final concentration of 2.5% and 2%, respectively. Samples were frozen until TMT labelled and further subjected to LC-MS/MS anaylsis."
        },
        {
            "title" :  "Liquid Chromatography and Mass Spectrometry",
            "details" : "Samples were measured in the MPI AGE Proteomics Facility using data independent acquisition."
        },
        {
            "title" :  "Data Analysis",
            "details" : "Data were analyzed in the MPI AGE Proteomics Facility. Spectronaut was used to quantify proteins and MaxLFQ algorithmn for label free quantification."
        }
    ],
    "groupings": {
        "Genotype": {
            "WT": [
                "WT_DMSO_01",
                "WT_DMSO_02",
                "WT_DMSO_03",
                "WT_DMSO_04",
                "WT_DMSO_05",
                "WT_BafA1_01",
                "WT_BafA1_02",
                "WT_BafA1_03",
                "WT_BafA1_04",
                "WT_BafA1_05",
                "WT_Fe-Citrate_01",
                "WT_Fe-Citrate_02",
                "WT_Fe-Citrate_03",
                "WT_Fe-Citrate_04",
                "WT_Fe-Citrate_05",
                "WT_Torin1_01",
                "WT_Torin1_02",
                "WT_Torin1_03",
                "WT_Torin1_04",
                "WT_Torin1_05"
            ],
            "RAG A/B-KO": [
                "RAG A/B-KO_DMSO_01",
                "RAG A/B-KO_DMSO_02",
                "RAG A/B-KO_DMSO_03",
                "RAG A/B-KO_DMSO_04",
                "RAG A/B-KO_DMSO_05",
                "RAG A/B-KO_BafA1_01",
                "RAG A/B-KO_BafA1_02",
                "RAG A/B-KO_BafA1_03",
                "RAG A/B-KO_BafA1_04",
                "RAG A/B-KO_BafA1_05",
                "RAG A/B-KO_Fe-Citrate_01",
                "RAG A/B-KO_Fe-Citrate_02",
                "RAG A/B-KO_Fe-Citrate_03",
                "RAG A/B-KO_Fe-Citrate_04",
                "RAG A/B-KO_Fe-Citrate_05",
                "RAG A/B-KO_Torin1_01",
                "RAG A/B-KO_Torin1_02",
                "RAG A/B-KO_Torin1_03",
                "RAG A/B-KO_Torin1_04",
                "RAG A/B-KO_Torin1_05"
            ]
        },
        "Treatment": {
            "DMSO": [
                "RAG A/B-KO_DMSO_01",
                "RAG A/B-KO_DMSO_02",
                "RAG A/B-KO_DMSO_03",
                "RAG A/B-KO_DMSO_04",
                "RAG A/B-KO_DMSO_05",
                "WT_DMSO_01",
                "WT_DMSO_02",
                "WT_DMSO_03",
                "WT_DMSO_04",
                "WT_DMSO_05"
            ],
            "BafA1": [
                "RAG A/B-KO_BafA1_01",
                "RAG A/B-KO_BafA1_02",
                "RAG A/B-KO_BafA1_03",
                "RAG A/B-KO_BafA1_04",
                "RAG A/B-KO_BafA1_05",
                "WT_BafA1_01",
                "WT_BafA1_02",
                "WT_BafA1_03",
                "WT_BafA1_04",
                "WT_BafA1_05"
            ],
            "Fe-Citrate": [
                "RAG A/B-KO_Fe-Citrate_01",
                "RAG A/B-KO_Fe-Citrate_02",
                "RAG A/B-KO_Fe-Citrate_03",
                "RAG A/B-KO_Fe-Citrate_04",
                "RAG A/B-KO_Fe-Citrate_05",
                "WT_Fe-Citrate_01",
                "WT_Fe-Citrate_02",
                "WT_Fe-Citrate_03",
                "WT_Fe-Citrate_04",
                "WT_Fe-Citrate_05"
            ],
            "Torin1": [
                "RAG A/B-KO_Torin1_01",
                "RAG A/B-KO_Torin1_02",
                "RAG A/B-KO_Torin1_03",
                "RAG A/B-KO_Torin1_04",
                "RAG A/B-KO_Torin1_05",
                "WT_Torin1_01",
                "WT_Torin1_02",
                "WT_Torin1_03",
                "WT_Torin1_04",
                "WT_Torin1_05"
            ]
        }
    },
    "groupingCmap": {
        "Genotype": "RdYlBu",
        "Treatment": "Paired"
    },
    "groupingNames": [
        "Genotype",
        "Treatment"
    ]
}