{
    "Creation Date": "20220105 15:54:49",
    "Software": "Instant Clue",
    "Version": "0.10.10.20211105",
    "Computer": "TL-047",
    "Experimentator" : "Hendrik Nolte",
    "groupingNames" : ["Treat","Time"],
    "Type" : "Whole proteome",
    "Organism" : "Homo sapiens (Human)",
    "shortDescription" :  "Time series in HeLa after Hypoxia, Glutamine and Leucine starvation.",
    "Experimental Info" : [
        {
            "title" : "Protein Digestion",
            "details" : "I have done this cool experiment."
        },
        {
            "title" :  "Liquid Chromatography and Mass Spectrometry",
            "details" : "Insturmentation consisted out of an Exploris 480. Yeaahha"
        }
    ],
    "groupings": {
        "Treat": {
            "H2O": [
                "H2O_2_01",
                "H2O_2_02",
                "H2O_2_03",
                "H2O_2_04",
                "H2O_6_01",
                "H2O_6_02",
                "H2O_6_03",
                "H2O_6_04",
                "H2O_10_01",
                "H2O_10_02",
                "H2O_10_03",
                "H2O_10_04",
                "H2O_16_01",
                "H2O_16_02",
                "H2O_16_03",
                "H2O_16_04"
            ],
            "HYPO": [
                "HYPO_2_01",
                "HYPO_2_02",
                "HYPO_2_03",
                "HYPO_2_04",
                "HYPO_6_01",
                "HYPO_6_02",
                "HYPO_6_03",
                "HYPO_6_04",
                "HYPO_10_01",
                "HYPO_10_02",
                "HYPO_10_03",
                "HYPO_10_04",
                "HYPO_16_01",
                "HYPO_16_02",
                "HYPO_16_03",
                "HYPO_16_04"
            ],
            "Q-STARV": [
                "Q-STARV_2_01",
                "Q-STARV_2_02",
                "Q-STARV_2_03",
                "Q-STARV_2_04",
                "Q-STARV_6_01",
                "Q-STARV_6_02",
                "Q-STARV_6_03",
                "Q-STARV_6_04",
                "Q-STARV_10_01",
                "Q-STARV_10_02",
                "Q-STARV_10_03",
                "Q-STARV_10_04",
                "Q-STARV_16_01",
                "Q-STARV_16_02",
                "Q-STARV_16_03",
                "Q-STARV_16_04"
            ],
            "L-STARV": [
                "L-STARV_2_01",
                "L-STARV_2_02",
                "L-STARV_2_03",
                "L-STARV_2_04",
                "L-STARV_6_01",
                "L-STARV_6_02",
                "L-STARV_6_03",
                "L-STARV_6_04",
                "L-STARV_10_01",
                "L-STARV_10_02",
                "L-STARV_10_03",
                "L-STARV_10_04",
                "L-STARV_16_01",
                "L-STARV_16_02",
                "L-STARV_16_03",
                "L-STARV_16_04"
            ]
        },
        "Time (h)": {
            "2": [
                "H2O_2_01",
                "H2O_2_02",
                "H2O_2_03",
                "H2O_2_04",
                "HYPO_2_01",
                "HYPO_2_02",
                "HYPO_2_03",
                "HYPO_2_04",
                "Q-STARV_2_01",
                "Q-STARV_2_02",
                "Q-STARV_2_03",
                "Q-STARV_2_04",
                "L-STARV_2_01",
                "L-STARV_2_02",
                "L-STARV_2_03",
                "L-STARV_2_04"
            ],
            "6": [
                "H2O_6_01",
                "H2O_6_02",
                "H2O_6_03",
                "H2O_6_04",
                "HYPO_6_01",
                "HYPO_6_02",
                "HYPO_6_03",
                "HYPO_6_04",
                "Q-STARV_6_01",
                "Q-STARV_6_02",
                "Q-STARV_6_03",
                "Q-STARV_6_04",
                "L-STARV_6_01",
                "L-STARV_6_02",
                "L-STARV_6_03",
                "L-STARV_6_04"
            ],
            "10": [
                "H2O_10_01",
                "H2O_10_02",
                "H2O_10_03",
                "H2O_10_04",
                "HYPO_10_01",
                "HYPO_10_02",
                "HYPO_10_03",
                "HYPO_10_04",
                "Q-STARV_10_01",
                "Q-STARV_10_02",
                "Q-STARV_10_03",
                "Q-STARV_10_04",
                "L-STARV_10_01",
                "L-STARV_10_02",
                "L-STARV_10_03",
                "L-STARV_10_04"
            ],
            "16": [
                "H2O_16_01",
                "H2O_16_02",
                "H2O_16_03",
                "H2O_16_04",
                "HYPO_16_01",
                "HYPO_16_02",
                "HYPO_16_03",
                "HYPO_16_04",
                "Q-STARV_16_01",
                "Q-STARV_16_02",
                "Q-STARV_16_03",
                "Q-STARV_16_04",
                "L-STARV_16_01",
                "L-STARV_16_02",
                "L-STARV_16_03",
                "L-STARV_16_04"
            ]}
        },
    "groupingCmap": {
        "Treat": "RdYlBu",
        "Time (h)": "Blues"
    }
}