{
    "Creation Date": "20220105 15:56:17",
    "Software": "Instant Clue",
    "Version": "0.10.10.20211105",
    "Computer": "TL-047",
    "Experimentator" : "Hendrik Nolte",
    "groupingNames" : ["Genotype"],
    "Type" : "Whole proteome",
    "shortDescription" :  "Hypoxia / Normaoxia in WT and YKO Mefs.",
    "Organism" : "Mus musculus (Mouse)",
    "Experimental Info" : [
        {
            "title" : "Isolation of mitochondria",
            "details" : "Cells were washed in PBS and resuspended in homogenization buffer (220 mM mannitol, 70 mM sucrose, 5 mM HEPES/KOH pH 7.4, 1 mM EGTA) with complete protease inhibitor. Cell suspension was homogenized with a rotating Teflon potter (Potter S, Braun) at 1,000 rpm followed by differential centrifugation. The homogenate was centrifuged at 600g for 5 min at 4 °C to remove the debris and nucleus, and the resulting supernatant was centrifuged at 8,000g for 10 min at 4 °C to obtain mitochondrial fractions. For the phospholipid analysis, mitochondria were further purified by density gradient centrifugation: mitochondria were layered on top of a Percoll step gradient (12, 19, 40% Percoll in homogenization buffer)followed by ultracentrifugation (42,000g, 30 min, 4 °C) in SW41Ti rotor (Beckman). The mitochondrial fraction was isolated and washed with homogenization buffer."
        },
        {
            "title" : "Protein Digestion",
            "details" : "Isolated mitochondria (50 µg) were lysed in RIPA buffer and 1 μl GlycoBlue was added for acetone precipitation overnight at –20 °C. The samples were centrifuged for 10 min at 15,000g at 4 °C and the pellet was washed with 90% acetone (–20 °C). Protein pellets were resuspended in 6 M urea/2 M thiourea in 10 mM HEPES. Proteins were reduced by adding DTT to a final concentration of 10 mM and incubation for 30 min at RT. Alkylation was performed using 55 mM iodoacetamide (20 min in the dark). Pre-digestion was performed by adding Lys-C (Wako) at an enzyme:substrate ratio of 1:100 and incubated at RT for 2–3 h. 50 mM ammonium bicarbonate was used to dilute the urea concentration to 2 M. Trypsin (Sigma Aldrich, T6567) was subsequently added at an enzyme:substrate ratio of 1:100. Digestion was performed overnight and stopped by acidification (1:1 (v/v) 5% acetonitrile, 1% TFA). Samples were primed using the STAGE tip technique before LC–MS/MS analysis. "
        },
        {
            "title" :  "Liquid Chromatography and Mass Spectrometry",
            "details" : "Peptides were eluted from C18 tips using 0.1% formic acid in 60% acetonitrile (ACN), concentrated in a speed vac to complete dryness and re-suspended in 5% formic acid and 2% acetonitrile. The LC–MS/MS equipment consisted of an EASY nLC 1000 coupled to the quadrupole based QExactive Plus instrument (Thermo Scientific) via a nano-spray electroionization source. Peptides were separated on an in-house packed 50-cm column (1.9-µm C18 beads, Dr. Maisch) using a binary solvent buffer system: A) 0.1% formic acid and B) 0.1% formic acid in acetonitrile. The content of buffer B was raised from 7% to 23% within 220 min followed by an increase to 45% within 10 min. Then, within 5 min the buffer B fraction was raised to 80% and held for a further 5 min before being decreased to 5% within 5 min and held there for a further 5 min. Eluting peptides were ionized in positive mode by an applied voltage of 2.4 kV. The capillary temperature was 275 °C and the S-lens RF level was set to 64. The following settings were used: MS1-70,000 (at 200 m/z) resolution, 3 × 106 AGC target, 20-ms maximum injection time, 300–1,750-Th scan range. In a data-dependent mode, the 10 most intense peaks were selected for isolation and fragmentation in the HCD cell using a normalized collision energy of 25 and an isolation window of 2.0 Th. Dynamic exclusion was enabled and set to 20 s. The MS/MS scan properties were: 17.500 (at 200 m/z) resolution, 5x10^5 AGC target and a maximum injection time of 50 ms."
        },
        {
            "title" :  "MaxQuant analysis and bioinformatics",
            "details" : "Raw files were processed with MaxQuant39 and Andromeda search engine40. Recorded MS/MS spectra were compared to the mouse Uniprot reference proteome at mass tolerance of 7 ppm and 4.5 ppm for first and main searches, respectively. Oxidation at methionine residues and protein N-terminal acetylation were considered as variable modifications and carbamidomethylation at cysteine residues was defined as a fixed modification. Match-between-runs and label-free quantification were enabled using default settings. To identify proteins that were significantly differentially expressed, a two sided t-test was applied. Correction for multiple testing was performed by a permutation-based false discovery rate (FDR) calculation (# of perm.: 500, fudge factor s0 = 0.1, FDR <0.05). Gene Ontology, KEGG, PFAM and GSEA annotations were matched based on Uniprot identifiers and 1D enrichment41 was carried out at a significance FDR level of 0.02 determined by Benjamini–Hochberg correction. Potential YME1L substrates were identified and classified using the following criteria: (1) mitochondria associated function based on Gene Ontology Cellular Compartment (GOCC); (2) significant upregulation (FDR <0.05) in Yme1l−/− cells compared to WT in normoxia or exclusively detected in Yme1l−/− cells (n ≥ 3) and not detected at all in WT cells; (3) Downregulation (log2 ratio <–0.58) in WT cells in hypoxia compared to normoxic conditions or exclusively quantified (n ≥ 3) in normoxia and not detected at all in hypoxia; and (4) no regulation (absolute log2 ratio <0.58) between hypoxia and normoxia in Yme1l−/− cells. Class I substrates meet all four criteria. Class II substrates meet only criteria 1 and 2."
        }
    ],
    "groupings": {
        "Genotype": {
            "WT": [
                "WT_Normoxia_01",
                "WT_Normoxia_05",
                "WT_Normoxia_09",
                "WT_Normoxia_13",
                "WT_Normoxia_17",
                "WT_Hypoxia_03",
                "WT_Hypoxia_07",
                "WT_Hypoxia_11",
                "WT_Hypoxia_15",
                "WT_Hypoxia_19"
            ],
            "Yme1l-KO": [
                "Yme1l-KO_Normoxia_02",
                "Yme1l-KO_Normoxia_06",
                "Yme1l-KO_Normoxia_10",
                "Yme1l-KO_Normoxia_14",
                "Yme1l-KO_Normoxia_18",
                "Yme1l-KO_Hypoxia_04",
                "Yme1l-KO_Hypoxia_08",
                "Yme1l-KO_Hypoxia_12",
                "Yme1l-KO_Hypoxia_16",
                "Yme1l-KO_Hypoxia_20"
            ]
        },
        "Treatment": {
            "Normoxia": [
                "WT_Normoxia_01",
                "WT_Normoxia_05",
                "WT_Normoxia_09",
                "WT_Normoxia_13",
                "WT_Normoxia_17",
                "Yme1l-KO_Normoxia_02",
                "Yme1l-KO_Normoxia_06",
                "Yme1l-KO_Normoxia_10",
                "Yme1l-KO_Normoxia_14",
                "Yme1l-KO_Normoxia_18"
            ],
            "Hypoxia": [
                "WT_Hypoxia_03",
                "WT_Hypoxia_07",
                "WT_Hypoxia_11",
                "WT_Hypoxia_15",
                "WT_Hypoxia_19",
                "Yme1l-KO_Hypoxia_04",
                "Yme1l-KO_Hypoxia_08",
                "Yme1l-KO_Hypoxia_12",
                "Yme1l-KO_Hypoxia_16",
                "Yme1l-KO_Hypoxia_20"
            ]
        }
    },
    "groupingCmap": {
        "Genotype": "RdYlBu",
        "Treatment" : "Blues"
    }
}