{
    "Creation Date": "20220316 14:48:18",
    "Software": "Instant Clue",
    "Version": "v0.11.1",
    "Computer": "TL-047",
    "Type" : "Spatial Fractionation Proteome",
    "Organism" : "Homo sapiens (Human)",
    "Experimentator" : "Tim Bartsch, Soni Deshawl, Dominique Diehl, Hendrik Nolte",
    "shortDescription" :  "Spatial proteomics of HeLa Cells (+/- ferroptosis).",
    "Experimental Info" : [
        {
            "title" : "Buffers",
            "details" : "Homgenization Buffer (M): 20mM HEPES-KOH (pH=7.4), 220 mM Mannitol, 70 mM Sucrose, 1mM EGTA, 1mM Protease Inhibitor "
        },
        {
            "title" : "Cell culture and Fractionation",
            "details" : "Cell pellets (from -80°C) were resuspended in 3mL and incubated for 15 min on ice. Homogenize with 20 strokes and 1000 rpm using 2mL Potter on ice. Centrifuge at 600 xg for 5min at 4°C and transfer supernatant. Repeat procedure with pellet and pool supernatants. Take 140 uL for the whole cell samples (WCH). Then distribute the homogenate in 2 ml eppies and centrifuge (600 x g, 5 min, 4C) to remove unbroken cells and nuclei. Collect the 600 g supernatant and resuspend all 600 g pellets in 1 ml homogenization buffer, centrifuge again and collect 600 g pellet. Distribute the supernatant in 2 ml eppies and centrifuge (600 x g, 5 min, 4C) to remove the remaining unbroken cells and nuclei. Collect the Post-nuclear supernatant (PNS). Distribute PNS into new 2 ml eppies and centrifuge (8000g, 10min, 4C) to isolate mitochondrial fraction. Collect the 8000 g supernatant and resuspend the mitochondrial pellets gently in 1 ml homogenization buffer total and centrifuge (8000g, 10min, 4C) again. Collect the 8000 g Pellet and add supernatant to previous 8000 g supernatant (8000g-P). Centrifuge the supernatant again (8000 g, 10 min, 4C) to remove more mitochondria. Collect the 8000 g supernatant 2 and combine pellets in 1 ml homogenization buffer, centrifuge and collect 8000 g pellet 2. Take 100 μl sample of 8000g supernatant 2. Centrifuge the supernatant again (12000 g, 15 min, 4C) to remove most remaining mitochondria. Collect 12000 g supernatant and combine pellets in 1 ml homogenization buffer, centrifuge and collect 12000 g pellet (12000-P). Take the 12000 g SN and split it into 1.5 ml ultracentrifuge tubes and centrifuge (40000 x g, 45 min, 4C). Collect supernatant and pellet. Resuspend all pellets in 1 ml homogenization buffer total using 8-10 strokes through a 25G needle. Centrifuge again (together with next centrifugation step: 100000 x g, 60 min, 4C). Remove SN and freeze pellet at -80°C for proteomics/WB Take the 40000 g SN and split it into 1.5 ml ultracentrifuge tubes and centrifuge (100000 x g, 60 min, 4C). Collect supernatant and pellet (100K-SN). Resuspend all pellets in 1 ml homogenization buffer total using 10 strokes through a 25G needle. Centrifuge again (100000 x g, 460min, 4C). Remove SN and freeze pellet at -80°C for proteomics/WB (100K-P). For proteomics proteins of WCH and 100k SN were precipitated with 5x sample volume acetone (100%, -20°C). "
        },
        {
            "title" : "Protein Digestion",
            "details" : "For lysis of protein pellets obtain from centrifugation and acetone precipitation (see above), 4% SDS in 100 mM HEPES ph = 8.5 was used and the protein concentration was determined. 20 µg of protein was subjected for tryptic digestion. Proteins were reduced (10 mM TCEP) and alkylated (20 mM CAA) in the dark for 45 min at 45 °C. Samples were subjected to SP3 based digestion [1]. Washed SP3 beads (SP3 beads (Sera-Mag(TM) Magnetic Carboxylate Modified Particles (Hydrophobic),  Sera-Mag(TM) Magnetic Carboxylate Modified Particles (Hydrophylic) from Thermo Fisher Scientific) were mixed equally, and 3 µL of bead slurry were added to each sample. Acetonitrile was added to a final concentration of 50% and washed twice using 70 % ethanol (V=200 µL) on an in-house made magnet. After an additional acetonitrile wash (V=200µL), 5 µL digestion solution (10 mM HEPES pH = 8.5 containing 0.5µg Trypsin (Sigma) and 0.5µg LysC (Wako)) was added to each sample and incubated overnight at 37°C. Peptides were desalted on a magnet using 2 x 200 µL acetonitrile. Peptides were eluted in 10 µL 5% DMSO in LC-MS water (Sigma Aldrich) in an ultrasonic bath for 10 min. Formic acid and acetonitrile were added to a final concentration of 2.5% and 2%, respectively. Samples were frozen until subjected to LC-MS/MS anaylsis."
        },
        {
            "title" :  "Liquid Chromatography and Mass Spectrometry",
            "details" : "Instrumentation consisted out of an nLC1200 LC system coupled via a nano-electrospray ionization source to a quadrupole based  Exploris 480 mass spectrometer. For peptide separation an in-house packed column (inner diameter: 75 µm, length: 40 cm) was used. A binary buffer system (A: 0.1 % formic acid and B: 0.1 % formic acid in 80% acetonitrile) was applied as follows: Linear increase of buffer B from 4% to 27% within 69 min, followed by a linear increase to 45% within 5 min. The buffer B content was further ramped to 65 % within 5 min and then to 95 % within 6 min. 95 % buffer B was kept for further 10 min to wash the column. Prior each sample, the column was washed using 5 µL buffer A and the sample was loaded using 8 µL buffer A.  For MS spectra acquisition, the RF Lens amplitude was set to 55%, the capillary temperature was 275°C and the polarity was set to positive. MS1 profile spectra were acquired using a resolution of 60,000 (at 200 m/z) at a mass range 320-1150 m/z and an AGC target of 1x10^6. For MS/MS independent spectra acquisition, 48 windows were acquired at an isolation m/z range of 15 Th and the isolation windows overlapped by 1 Th. The fixed first mass was to 200. The isolation center range covered a mass range of 350–1065 m/z. Fragmentation spectra were acquired at a resolution of 15,000 at 200 m/z using a maximal injection time of 22 ms and stepped normalized collision energies (NCE) of 26, 28, 30. The default charge state was set to 3. The AGC target was set to 900%. MS2 spectra were acquired as centroid spectra."
        },
        {
            "title" :  "Data Analysis",
            "details" : "Data were analysed using Spectronaut (v 15.01) and the human Uniprot reference proteome (downloaded 12.2021). The iBAQ intensity was calculated and is reported. -P standas for pellet and -SN for supernatant. Mitochondrion are known to be enriched in 8K and slightly in 12K pellets."
        }
    ],
    "groupings": {
        "Treatment": {
            "ctrl": [
                "ctrl_WCH_01",
                "ctrl_WCH_02",
                "ctrl_WCH_03",
                "ctrl_WCH_04",
                "ctrl_WCH_05",
                "ctrl_8000g-P_01",
                "ctrl_8000g-P_02",
                "ctrl_8000g-P_03",
                "ctrl_8000g-P_04",
                "ctrl_8000g-P_05",
                "ctrl_12000g-P_01",
                "ctrl_12000g-P_02",
                "ctrl_12000g-P_03",
                "ctrl_12000g-P_04",
                "ctrl_12000g-P_05",
                "ctrl_40000g-P_01",
                "ctrl_40000g-P_02",
                "ctrl_40000g-P_03",
                "ctrl_40000g-P_04",
                "ctrl_40000g-P_05",
                "ctrl_100000g-P_01",
                "ctrl_100000g-P_02",
                "ctrl_100000g-P_03",
                "ctrl_100000g-P_04",
                "ctrl_100000g-P_05",
                "ctrl_100000g-SN_01",
                "ctrl_100000g-SN_02",
                "ctrl_100000g-SN_03",
                "ctrl_100000g-SN_04",
                "ctrl_100000g-SN_05"
            ],
            "ferr": [
                "ferr_WCH_01",
                "ferr_WCH_02",
                "ferr_WCH_03",
                "ferr_WCH_04",
                "ferr_WCH_05",
                "ferr_8000g-P_01",
                "ferr_8000g-P_02",
                "ferr_8000g-P_03",
                "ferr_8000g-P_04",
                "ferr_8000g-P_05",
                "ferr_12000g-P_01",
                "ferr_12000g-P_02",
                "ferr_12000g-P_03",
                "ferr_12000g-P_04",
                "ferr_12000g-P_05",
                "ferr_40000g-P_01",
                "ferr_40000g-P_02",
                "ferr_40000g-P_03",
                "ferr_40000g-P_04",
                "ferr_40000g-P_05",
                "ferr_100000g-P_01",
                "ferr_100000g-P_02",
                "ferr_100000g-P_03",
                "ferr_100000g-P_04",
                "ferr_100000g-P_05",
                "ferr_100000g-SN_01",
                "ferr_100000g-SN_02",
                "ferr_100000g-SN_03",
                "ferr_100000g-SN_04",
                "ferr_100000g-SN_05"
            ]
        },
        "Fraction": {
            "WCH": [
                "ctrl_WCH_01",
                "ctrl_WCH_02",
                "ctrl_WCH_03",
                "ctrl_WCH_04",
                "ctrl_WCH_05",
                "ferr_WCH_01",
                "ferr_WCH_02",
                "ferr_WCH_03",
                "ferr_WCH_04",
                "ferr_WCH_05"
            ],
            "8K x g-P": [
                "ctrl_8000g-P_01",
                "ctrl_8000g-P_02",
                "ctrl_8000g-P_03",
                "ctrl_8000g-P_04",
                "ctrl_8000g-P_05",
                "ferr_8000g-P_01",
                "ferr_8000g-P_02",
                "ferr_8000g-P_03",
                "ferr_8000g-P_04",
                "ferr_8000g-P_05"
            ],
            "12K x g-P": [
                "ctrl_12000g-P_01",
                "ctrl_12000g-P_02",
                "ctrl_12000g-P_03",
                "ctrl_12000g-P_04",
                "ctrl_12000g-P_05",
                "ferr_12000g-P_01",
                "ferr_12000g-P_02",
                "ferr_12000g-P_03",
                "ferr_12000g-P_04",
                "ferr_12000g-P_05"
            ],
            "40 x g-P": [
                "ctrl_40000g-P_01",
                "ctrl_40000g-P_02",
                "ctrl_40000g-P_03",
                "ctrl_40000g-P_04",
                "ctrl_40000g-P_05",
                "ferr_40000g-P_01",
                "ferr_40000g-P_02",
                "ferr_40000g-P_03",
                "ferr_40000g-P_04",
                "ferr_40000g-P_05"
            ],
            "100K x g-P": [
                "ctrl_100000g-P_01",
                "ctrl_100000g-P_02",
                "ctrl_100000g-P_03",
                "ctrl_100000g-P_04",
                "ctrl_100000g-P_05",
                "ferr_100000g-P_01",
                "ferr_100000g-P_02",
                "ferr_100000g-P_03",
                "ferr_100000g-P_04",
                "ferr_100000g-P_05"
            ],
            "100K x g-SN": [
                "ctrl_100000g-SN_01",
                "ctrl_100000g-SN_02",
                "ctrl_100000g-SN_03",
                "ctrl_100000g-SN_04",
                "ctrl_100000g-SN_05",
                "ferr_100000g-SN_01",
                "ferr_100000g-SN_02",
                "ferr_100000g-SN_03",
                "ferr_100000g-SN_04",
                "ferr_100000g-SN_05"
            ]
        }
    },
    "groupingCmap": {
        "Treatment": "RdYlBu",
        "Fraction": "Blues"
    },
    "groupingNames": [
        "Treatment",
        "Fraction"
    ]
}