{
    "Creation Date": "20220328 17:33:44",
    "Software": "Instant Clue",
    "Version": "v0.11.2-dev.snap17032022",
    "Computer": "TL-047",
    "Type" : "Whole proteome",
    "Organism" : "Homo sapiens (Human)",
    "Experimentator" : "Maria Patron, Tim Kellermann",
    "shortDescription" :  "TMBIM5 KO and WT HeLa with knock-down of mt. proteases.",
    "Experimental Info" : [
        {
            "title" : "Cell culture and Fractionation",
            "details" : "Cell pellets (from -80°C) were resuspended in 3mL and incubated for 15 min on ice. Homogenize with 20 strokes and 1000 rpm using 2mL Potter on ice. Centrifuge at 600 xg for 5min at 4°C and transfer supernatant. Repeat procedure with pellet and pool supernatants. Take 140 uL for the whole cell samples (WCH). Then distribute the homogenate in 2 ml eppies and centrifuge (600 x g, 5 min, 4C) to remove unbroken cells and nuclei. Collect the 600 g supernatant and resuspend all 600 g pellets in 1 ml homogenization buffer, centrifuge again and collect 600 g pellet. Distribute the supernatant in 2 ml eppies and centrifuge (600 x g, 5 min, 4C) to remove the remaining unbroken cells and nuclei. Collect the Post-nuclear supernatant (PNS). Distribute PNS into new 2 ml eppies and centrifuge (8000g, 10min, 4C) to isolate mitochondrial fraction. Collect the 8000 g supernatant and resuspend the mitochondrial pellets gently in 1 ml homogenization buffer total and centrifuge (8000g, 10min, 4C) again. Collect the 8000 g Pellet and add supernatant to previous 8000 g supernatant (8000g-P). Centrifuge the supernatant again (8000 g, 10 min, 4C) to remove more mitochondria. Collect the 8000 g supernatant 2 and combine pellets in 1 ml homogenization buffer, centrifuge and collect 8000 g pellet 2. Take 100 μl sample of 8000g supernatant 2. Centrifuge the supernatant again (12000 g, 15 min, 4C) to remove most remaining mitochondria. Collect 12000 g supernatant and combine pellets in 1 ml homogenization buffer, centrifuge and collect 12000 g pellet (12000-P). Take the 12000 g SN and split it into 1.5 ml ultracentrifuge tubes and centrifuge (40000 x g, 45 min, 4C). Collect supernatant and pellet. Resuspend all pellets in 1 ml homogenization buffer total using 8-10 strokes through a 25G needle. Centrifuge again (together with next centrifugation step: 100000 x g, 60 min, 4C). Remove SN and freeze pellet at -80°C for proteomics/WB Take the 40000 g SN and split it into 1.5 ml ultracentrifuge tubes and centrifuge (100000 x g, 60 min, 4C). Collect supernatant and pellet (100K-SN). Resuspend all pellets in 1 ml homogenization buffer total using 10 strokes through a 25G needle. Centrifuge again (100000 x g, 460min, 4C). Remove SN and freeze pellet at -80°C for proteomics/WB (100K-P). For proteomics proteins of WCH and 100k SN were precipitated with 5x sample volume acetone (100%, -20°C). "
        },
        {
            "title" : "Protein Digestion",
            "details" : "For lysis of protein pellets obtain from centrifugation and acetone precipitation (see above), 4% SDS in 100 mM HEPES ph = 8.5 was used and the protein concentration was determined. 20 µg of protein was subjected for tryptic digestion. Proteins were reduced (10 mM TCEP) and alkylated (20 mM CAA) in the dark for 45 min at 45 °C. Samples were subjected to SP3 based digestion [1]. Washed SP3 beads (SP3 beads (Sera-Mag(TM) Magnetic Carboxylate Modified Particles (Hydrophobic),  Sera-Mag(TM) Magnetic Carboxylate Modified Particles (Hydrophylic) from Thermo Fisher Scientific) were mixed equally, and 3 µL of bead slurry were added to each sample. Acetonitrile was added to a final concentration of 50% and washed twice using 70 % ethanol (V=200 µL) on an in-house made magnet. After an additional acetonitrile wash (V=200µL), 5 µL digestion solution (10 mM HEPES pH = 8.5 containing 0.5µg Trypsin (Sigma) and 0.5µg LysC (Wako)) was added to each sample and incubated overnight at 37°C. Peptides were desalted on a magnet using 2 x 200 µL acetonitrile. Peptides were eluted in 10 µL 5% DMSO in LC-MS water (Sigma Aldrich) in an ultrasonic bath for 10 min. Formic acid and acetonitrile were added to a final concentration of 2.5% and 2%, respectively. Samples were frozen until TMT labelled and further subjected to LC-MS/MS anaylsis."
        },
        {
            "title" :  "Liquid Chromatography and Mass Spectrometry",
            "details" : "Samples were measured in the MPI AGE Proteomics Facility."
        },
        {
            "title" :  "Data Analysis",
            "details" : "Data were analyzed in the MPI AGE Proteomics Facility. Likely MaxQuant was used to quantify proteins."
        }
    ],
    "groupings": {
        "Genotype": {
            "WT": [
                "wt_siRNA_CLPP_1",
                "wt_siRNA_CLPP_2",
                "wt_siRNA_CLPP_3",
                "wt_siRNA_CLPP_4",
                "wt_siRNA_CLPP_5",
                "wt_siRNA_control_1",
                "wt_siRNA_control_2",
                "wt_siRNA_control_3",
                "wt_siRNA_control_4",
                "wt_siRNA_control_5",
                "wt_siRNA_LONP1_1",
                "wt_siRNA_LONP1_2",
                "wt_siRNA_LONP1_3",
                "wt_siRNA_LONP1_4",
                "wt_siRNA_LONP1_5",
                "wt_siRNA_OMA1_1",
                "wt_siRNA_OMA1_2",
                "wt_siRNA_OMA1_3",
                "wt_siRNA_OMA1_4",
                "wt_siRNA_OMA1_5",
                "wt_siRNA_PARL_1",
                "wt_siRNA_PARL_2",
                "wt_siRNA_PARL_3",
                "wt_siRNA_PARL_4",
                "wt_siRNA_PARL_5",
                "wt_siRNA_YME1L_1",
                "wt_siRNA_YME1L_2",
                "wt_siRNA_YME1L_3",
                "wt_siRNA_YME1L_4",
                "wt_siRNA_YME1L_5"
            ],
            "TMBIM5KO": [
                "TMBIM5KO_siRNA_CLPP_1",
                "TMBIM5KO_siRNA_CLPP_2",
                "TMBIM5KO_siRNA_CLPP_3",
                "TMBIM5KO_siRNA_CLPP_4",
                "TMBIM5KO_siRNA_CLPP_5",
                "TMBIM5KO_siRNA_control_1",
                "TMBIM5KO_siRNA_control_2",
                "TMBIM5KO_siRNA_control_3",
                "TMBIM5KO_siRNA_control_4",
                "TMBIM5KO_siRNA_control_5",
                "TMBIM5KO_siRNA_LONP1_1",
                "TMBIM5KO_siRNA_LONP1_2",
                "TMBIM5KO_siRNA_LONP1_3",
                "TMBIM5KO_siRNA_LONP1_4",
                "TMBIM5KO_siRNA_LONP1_5",
                "TMBIM5KO_siRNA_OMA1_1",
                "TMBIM5KO_siRNA_OMA1_2",
                "TMBIM5KO_siRNA_OMA1_3",
                "TMBIM5KO_siRNA_OMA1_4",
                "TMBIM5KO_siRNA_PARL_1",
                "TMBIM5KO_siRNA_PARL_2",
                "TMBIM5KO_siRNA_PARL_3",
                "TMBIM5KO_siRNA_PARL_4",
                "TMBIM5KO_siRNA_PARL_5",
                "TMBIM5KO_siRNA_YME1L_1",
                "TMBIM5KO_siRNA_YME1L_3",
                "TMBIM5KO_siRNA_YME1L_4",
                "TMBIM5KO_siRNA_YME1L_5"
            ]
            
        },
        "Knockdown": {
            "CTRL": [
                "TMBIM5KO_siRNA_control_1",
                "TMBIM5KO_siRNA_control_2",
                "TMBIM5KO_siRNA_control_3",
                "TMBIM5KO_siRNA_control_4",
                "TMBIM5KO_siRNA_control_5",
                "wt_siRNA_control_1",
                "wt_siRNA_control_2",
                "wt_siRNA_control_3",
                "wt_siRNA_control_4",
                "wt_siRNA_control_5"
            ],
            "CLPP": [
                "TMBIM5KO_siRNA_CLPP_1",
                "TMBIM5KO_siRNA_CLPP_2",
                "TMBIM5KO_siRNA_CLPP_3",
                "TMBIM5KO_siRNA_CLPP_4",
                "TMBIM5KO_siRNA_CLPP_5",
                "wt_siRNA_CLPP_1",
                "wt_siRNA_CLPP_2",
                "wt_siRNA_CLPP_3",
                "wt_siRNA_CLPP_4",
                "wt_siRNA_CLPP_5"
            ],
            "LONP1": [
                "TMBIM5KO_siRNA_LONP1_1",
                "TMBIM5KO_siRNA_LONP1_2",
                "TMBIM5KO_siRNA_LONP1_3",
                "TMBIM5KO_siRNA_LONP1_4",
                "TMBIM5KO_siRNA_LONP1_5",
                "wt_siRNA_LONP1_1",
                "wt_siRNA_LONP1_2",
                "wt_siRNA_LONP1_3",
                "wt_siRNA_LONP1_4",
                "wt_siRNA_LONP1_5"
            ],
            "OMA1": [
                "TMBIM5KO_siRNA_OMA1_1",
                "TMBIM5KO_siRNA_OMA1_2",
                "TMBIM5KO_siRNA_OMA1_3",
                "TMBIM5KO_siRNA_OMA1_4",
                "wt_siRNA_OMA1_1",
                "wt_siRNA_OMA1_2",
                "wt_siRNA_OMA1_3",
                "wt_siRNA_OMA1_4",
                "wt_siRNA_OMA1_5"
            ],
            "PARL": [
                "TMBIM5KO_siRNA_PARL_1",
                "TMBIM5KO_siRNA_PARL_2",
                "TMBIM5KO_siRNA_PARL_3",
                "TMBIM5KO_siRNA_PARL_4",
                "TMBIM5KO_siRNA_PARL_5",
                "wt_siRNA_PARL_1",
                "wt_siRNA_PARL_2",
                "wt_siRNA_PARL_3",
                "wt_siRNA_PARL_4",
                "wt_siRNA_PARL_5"
            ],
            "YME1L": [
                "TMBIM5KO_siRNA_YME1L_1",
                "TMBIM5KO_siRNA_YME1L_3",
                "TMBIM5KO_siRNA_YME1L_4",
                "TMBIM5KO_siRNA_YME1L_5",
                "wt_siRNA_YME1L_1",
                "wt_siRNA_YME1L_2",
                "wt_siRNA_YME1L_3",
                "wt_siRNA_YME1L_4",
                "wt_siRNA_YME1L_5"
            ]
        }
    },
    "groupingCmap": {
        "Genotype": "Paired",
        "Knockdown": "RdYlBu"
    },
    "groupingNames": [
        "Genotype",
        "Knockdown"
    ]
}